-- phpMyAdmin SQL Dump
-- version 5.2.1
-- https://www.phpmyadmin.net/
--
-- Máy chủ: 127.0.0.1
-- Thời gian đã tạo: Th3 27, 2024 lúc 10:19 AM
-- Phiên bản máy phục vụ: 10.4.32-MariaDB
-- Phiên bản PHP: 8.0.30

SET SQL_MODE = "NO_AUTO_VALUE_ON_ZERO";
START TRANSACTION;
SET time_zone = "+00:00";


/*!40101 SET @OLD_CHARACTER_SET_CLIENT=@@CHARACTER_SET_CLIENT */;
/*!40101 SET @OLD_CHARACTER_SET_RESULTS=@@CHARACTER_SET_RESULTS */;
/*!40101 SET @OLD_COLLATION_CONNECTION=@@COLLATION_CONNECTION */;
/*!40101 SET NAMES utf8mb4 */;

--
-- Cơ sở dữ liệu: `qlthanhvien`
--

-- --------------------------------------------------------

--
-- Cấu trúc bảng cho bảng `thanhvien`
--

CREATE TABLE `thanhvien` (
  `MaTV` int(10) NOT NULL,
  `HoTen` varchar(100) NOT NULL,
  `Khoa` varchar(100) DEFAULT NULL,
  `Nganh` varchar(100) DEFAULT NULL,
  `SDT` int(10) DEFAULT NULL
) ENGINE=InnoDB DEFAULT CHARSET=utf8mb4 COLLATE=utf8mb4_general_ci;

--
-- Đang đổ dữ liệu cho bảng `thanhvien`
--

INSERT INTO `thanhvien` (`MaTV`, `HoTen`, `Khoa`, `Nganh`, `SDT`) VALUES
(1120150184, 'Trần Thị Nữ', 'GDTH', 'GDTH', 1111111111),
(1121530087, 'Trần Thiếu Nam', 'TLH', 'QLGD', 1111111112),
(1123330257, 'Ngô Tuyết Nhi', 'QTKD', 'QTKD', 1111111113),
(1147483647, 'Nguyễn Văn Nam', 'CNTT', 'HTTT', 123456789),
(1147483649, 'dai asd', 'CNNT', 'KHMT', 1111111114),
(1147483651, 'tuan dat', 'CNTT', 'Toan', 123456788),
(1147483654, 'tuan hung', 'CNTT', 'Toan', 773456788),
(1147483655, 'tuan hung', 'CNTT', 'Toan', 773456788);

-- --------------------------------------------------------

--
-- Cấu trúc bảng cho bảng `thietbi`
--

CREATE TABLE `thietbi` (
  `MaTB` int(10) NOT NULL,
  `TenTB` varchar(100) NOT NULL,
  `MoTaTB` text DEFAULT NULL
) ENGINE=InnoDB DEFAULT CHARSET=utf8mb4 COLLATE=utf8mb4_general_ci;

--
-- Đang đổ dữ liệu cho bảng `thietbi`
--

INSERT INTO `thietbi` (`MaTB`, `TenTB`, `MoTaTB`) VALUES
(1000001, 'Micro', 'Micro không dây MS2023'),
(1000002, 'Micro', 'Micro không dây MS2024'),
(1000003, 'Bảng điện tử', 'Bản điện tử trình chiếu'),
(1000011, 'máy code chay', 'code 2000 dòng'),
(1000013, 'máy code chay', 'code 1500 dòng');

-- --------------------------------------------------------

--
-- Cấu trúc bảng cho bảng `thongtinsd`
--

CREATE TABLE `thongtinsd` (
  `MaTT` int(10) NOT NULL,
  `MaTV` int(10) NOT NULL,
  `MaTB` int(10) DEFAULT NULL,
  `TGVao` datetime DEFAULT NULL,
  `TGMuon` datetime DEFAULT NULL,
  `TGTra` datetime DEFAULT NULL
) ENGINE=InnoDB DEFAULT CHARSET=utf8mb4 COLLATE=utf8mb4_general_ci;

--
-- Đang đổ dữ liệu cho bảng `thongtinsd`
--

INSERT INTO `thongtinsd` (`MaTT`, `MaTV`, `MaTB`, `TGVao`, `TGMuon`, `TGTra`) VALUES
(2, 1123330257, 1000001, NULL, '2024-02-12 10:00:32', '2024-02-12 14:00:00'),
(6, 1147483649, 1000001, NULL, NULL, NULL),
(8, 1147483651, 1000001, NULL, NULL, NULL),
(10, 1147483651, 1000011, NULL, NULL, NULL);

-- --------------------------------------------------------

--
-- Cấu trúc bảng cho bảng `xuly`
--

CREATE TABLE `xuly` (
  `MaXL` int(10) NOT NULL,
  `MaTV` int(10) NOT NULL,
  `HinhThucXL` varchar(250) DEFAULT NULL,
  `SoTien` int(100) DEFAULT NULL,
  `NgayXL` datetime DEFAULT NULL,
  `TrangThaiXL` int(2) DEFAULT 0
) ENGINE=InnoDB DEFAULT CHARSET=utf8mb4 COLLATE=utf8mb4_general_ci;

--
-- Đang đổ dữ liệu cho bảng `xuly`
--

INSERT INTO `xuly` (`MaXL`, `MaTV`, `HinhThucXL`, `SoTien`, `NgayXL`, `TrangThaiXL`) VALUES
(1, 1121530087, 'Khóa thẻ 1 tháng', NULL, '2023-09-12 08:00:00', 0),
(3, 1123330257, 'Bồi thường mất tài sản', 300000, '2023-09-12 08:00:00', 0),
(5, 1121530087, 'chặt', 300, NULL, 1),
(6, 1121530087, 'chặt', 200, NULL, 1),
(7, 1121530087, 'hello', 20002002, NULL, 0);

--
-- Chỉ mục cho các bảng đã đổ
--

--
-- Chỉ mục cho bảng `thanhvien`
--
ALTER TABLE `thanhvien`
  ADD PRIMARY KEY (`MaTV`);

--
-- Chỉ mục cho bảng `thietbi`
--
ALTER TABLE `thietbi`
  ADD PRIMARY KEY (`MaTB`);

--
-- Chỉ mục cho bảng `thongtinsd`
--
ALTER TABLE `thongtinsd`
  ADD PRIMARY KEY (`MaTT`),
  ADD KEY `MaTV` (`MaTV`,`MaTB`),
  ADD KEY `MaTB` (`MaTB`);

--
-- Chỉ mục cho bảng `xuly`
--
ALTER TABLE `xuly`
  ADD PRIMARY KEY (`MaXL`),
  ADD KEY `MaTV` (`MaTV`),
  ADD KEY `MaTV_2` (`MaTV`);

--
-- AUTO_INCREMENT cho các bảng đã đổ
--

--
-- AUTO_INCREMENT cho bảng `thanhvien`
--
ALTER TABLE `thanhvien`
  MODIFY `MaTV` int(10) NOT NULL AUTO_INCREMENT, AUTO_INCREMENT=1147483656;

--
-- AUTO_INCREMENT cho bảng `thietbi`
--
ALTER TABLE `thietbi`
  MODIFY `MaTB` int(10) NOT NULL AUTO_INCREMENT, AUTO_INCREMENT=1000014;

--
-- AUTO_INCREMENT cho bảng `thongtinsd`
--
ALTER TABLE `thongtinsd`
  MODIFY `MaTT` int(10) NOT NULL AUTO_INCREMENT, AUTO_INCREMENT=11;

--
-- AUTO_INCREMENT cho bảng `xuly`
--
ALTER TABLE `xuly`
  MODIFY `MaXL` int(10) NOT NULL AUTO_INCREMENT, AUTO_INCREMENT=8;

--
-- Các ràng buộc cho các bảng đã đổ
--

--
-- Các ràng buộc cho bảng `thongtinsd`
--
ALTER TABLE `thongtinsd`
  ADD CONSTRAINT `thongtinsd_ibfk_1` FOREIGN KEY (`MaTV`) REFERENCES `thanhvien` (`MaTV`),
  ADD CONSTRAINT `thongtinsd_ibfk_2` FOREIGN KEY (`MaTB`) REFERENCES `thietbi` (`MaTB`);

--
-- Các ràng buộc cho bảng `xuly`
--
ALTER TABLE `xuly`
  ADD CONSTRAINT `xuly_ibfk_1` FOREIGN KEY (`MaTV`) REFERENCES `thanhvien` (`MaTV`);
COMMIT;

/*!40101 SET CHARACTER_SET_CLIENT=@OLD_CHARACTER_SET_CLIENT */;
/*!40101 SET CHARACTER_SET_RESULTS=@OLD_CHARACTER_SET_RESULTS */;
/*!40101 SET COLLATION_CONNECTION=@OLD_COLLATION_CONNECTION */;
